house_id,predicted_price
2591820310,397500
7974200820,691000
7701450110,1225000
9522300010,1484900
9510861140,625000
1761300310,268500
7732410120,803000
7010701383,655000
291310170,520000
4232901990,483000
6840701125,1000000
3971700580,425000
4202400078,226000
6064800090,330000
2626119028,229950
3303980660,1700000
862000020,920000
2386000070,805000
1138000450,325028
1775800420,469500
2291401425,340000
2025770560,1320000
3525069037,855000
9324800450,550000
8080400136,630000
8651540040,542500
9407001790,255000
1773101530,90000
9432900250,307999
1794500695,636000
2220069003,314000
923000120,522500
5728000060,639500
16000200,180000
1926059094,370000
6672900220,940000
3629860060,1350000
1822069109,449000
6675500105,397000
249000180,2450000
226059065,560000
396100110,130000
9264450460,329000
7853361210,425000
9474700020,322500
421000455,255000
3755200220,434500
7960100075,397000
9477100490,415000
9138100350,671500
1624049275,615750
2770606890,640000
1157200189,339950
2770601800,615000
9301300805,552500
2325069032,1222500
1021079099,272000
7215730040,680000
1853200080,397500
3224600340,685100
3222049120,279000
2113700025,338900
7893207925,251200
3586501085,569500
8024200010,375950
7116500705,176000
1598600209,321000
7204200025,425257
4206901505,517000
2937300440,928990
7205000180,352500
8718500665,389000
5318101765,855000
4122700020,990000
8078700020,405000
3303980680,935000
8924100372,1205000
2781270210,215000
519000043,1011000
3225069301,3567000
151000075,987000
2297400020,475000
6617500085,635000
104510180,279000
3528900060,930000
3345100286,851500
1226039130,570000
8712100720,700000
3037200010,430000
3626039268,511000
104510230,196440
5112800060,350000
6072400280,488800
5317100570,1365000
9528102993,518500
2919201095,400000
6181400920,254950
185000161,259000
8691400010,750000
3345700165,585000
6151800486,235000
4340000080,1625000
4136960010,473000
3634100030,338800
1624059224,1240000
2788400090,336750
9828200762,350000
7524400250,424240
3528000290,648000
5700003630,3000000
2720069019,325000
7227501170,225000
2397101270,483000
6792100090,802000
2770602265,850000
3971700937,335000
422049203,270000
3076500830,380950
1423400260,285000
9161100795,521450
3126049052,582500
5100401468,280000
514500235,511555
1423200170,197500
1402100070,340000
624110020,751000
2407000145,255000
1890000225,752500
1320069271,340000
5490700085,353000
263000155,350500
3726800201,455000
5153200358,321027
2725079018,560000
7165700200,295000
9429000170,500000
8718500075,362000
1760650950,274900
1068000559,1400000
4113800500,600000
4077800507,598000
2725069150,720000
4008400035,725000
7016310270,425000
1432701230,295000
3278606050,358990
2473350710,359950
2185000685,102500
7792000025,350000
6868200029,480000
624069003,792000
7431500280,750000
3296000040,675500
1118001215,1636000
6453900040,643403
333100209,680000
34001765,575000
8946700100,470000
5561401210,590000
6671900095,425000
3275850020,845000
3876300600,325000
1450900020,260000
8562780280,329950
7663700973,296000
2126049032,375000
1823059159,414000
3438503426,280000
9297301495,987000
7140700850,419900
7942601805,1034500
2555900030,365000
2887970040,245000
7419700010,705000
2239000011,425000
9283800050,335000
9407001340,220650
217500140,520000
7212660520,200000
3298201170,355000
3057000400,289000
6865200444,415000
6071600340,575000
6821600005,715000
1235100371,1280000
7796450340,395950
3603000410,122000
9297300255,360000
9126100850,631000
2770601462,586500
2599001500,210000
1102000095,750000
1853080640,1180000
9551201585,952500
3438500796,354000
7518504291,537000
9269200340,360000
715010130,1481000
1982201485,840000
9526500080,469500
9277200180,450000
6669150280,260000
8917100153,583000
3760500516,850000
2725069050,899000
3332000091,210000
8562770080,567500
8151601190,230000
8563040160,539000
240000269,580000
4307350200,320000
1311910300,250000
3574900030,463000
7853230570,428000
320069049,399950
9839301060,575000
7011201333,482000
2781320100,340000
3421069120,350000
7852030320,495000
5316101075,2450000
5309100750,770000
629000730,730000
511700170,288350
1562100030,560000
2489200230,705000
524069116,403000
5315100737,1500000
1868900675,883000
1608000120,344200
705700240,394000
7575600610,254000
1778500015,725000
5423500240,115000
6713700025,305240
2734100734,247800
301402280,226750
2113700205,155000
4114601570,2532000
3332000615,389000
3630050180,362000
6852700520,625000
6870310010,765000
6163900981,334000
393000142,262000
1771100130,335000
1442860160,360000
9191200435,592500
6788200800,1430800
1115300070,812000
3176600105,665000
2770604665,842000
5469500580,491500
5680000545,455850
3424089119,532000
1328300180,335000
1773100922,389950
4123830480,236000
9808610190,885000
4250200140,298900
4217402115,2630000
3831250350,370000
2397101055,819000
6817850110,890000
7526800200,565000
7853370100,591975
2523089025,920000
9476200680,171000
5714200140,442515
3575304895,665000
263000018,405000
8080400177,550000
6450304130,357500
514500090,480000
9477000300,474950
853600310,1100000
1951600240,179950
1099900120,347500
5323100120,650000
1223089016,440000
522059172,235000
1930300190,658000
9542840410,275000
8665050530,498000
5592900205,319000
5450300010,825000
2459960030,375000
3331500455,379000
3432500705,359000
3702900165,319893
5249803550,625000
626049058,389000
1788900380,179950
8075400360,234071
9113200250,699000
2738640040,738515
7821200307,500000
3530440140,216500
3582700130,385000
9276200569,635250
7197800020,589000
686200490,639500
3501600100,306950
6383000690,549500
7604400150,430000
5249801411,616950
2607720420,397000
9561100010,419600
1796370590,259900
4077800593,285000
854000165,263000
5536100010,775839
4188000670,925850
31000165,1500000
662350050,940000
4137000280,290256
6169901130,1100000
1953400510,235000
7518506716,959000
1552520010,439000
7955080270,325124
9212900100,605000
3438500798,354000
7899800890,225289
4319200605,414000
1329300480,450000
8935100100,1115500
5016001260,415000
4337600280,260000
1446401220,219900
7135521530,548000
6888900115,285000
2413301070,322500
345700040,250000
5566100145,473000
7634800070,350000
9346910500,583000
3529300060,319990
8128600060,1215000
8572900275,247000
4139420590,1200000
9274200322,568000
1472700200,530000
8820903380,452000
8563010130,760000
8965450110,925000
9274204230,560000
8165501700,349950
2193340260,375000
1860600290,980000
1222000055,232000
2492200280,330000
2488200455,425000
809001520,1165000
1796361140,245000
6398000011,857326
6813600365,626500
7504100920,850000
8835770330,770000
524059322,990400
4307330280,361000
1245002952,1260000
2021069059,246000
5700000595,801451
3629970930,710000
3336002215,343000
5100401060,652600
3278600750,350000
1126069045,1250000
7568700175,330000
452001475,500000
9283800230,399950
1737300130,458000
6189600040,538000
3679400025,455000
1096100010,345000
9513900050,270000
5452800645,938000
273800100,272000
7228500037,425000
808300090,650000
2493200215,725000
5035300255,895000
3380900160,452000
3630000130,450000
7300400670,303000
6798100070,285000
8078400010,566000
5566100060,450000
2768200212,499000
4035900060,530000
9460000110,353000
7199320190,449989
2225039081,708000
9512200050,575000
2634500085,365000
3654800200,269818
2724079090,1295000
2597520720,810000
3034200426,409000
984000130,325000
7852020670,437718
7923500060,839000
2310030510,290000
2205500540,465000
2493200015,437000
7853361420,555000
5652600605,439000
5285200020,430000
9406530150,379950
5706300020,484950
3278602490,431500
7197000100,540000
4447300008,449000
7899800045,232900
9250900095,270000
9268851740,645000
8682261440,495000
7284900385,1028000
8079040300,398500
2225300585,355000
3223039013,474963
2013801350,299900
4055701110,560000
3578401770,500000
4046500720,399526
6145601745,436000
5207200195,722500
1972201856,487500
7212680080,262000
7277100510,375000
522079022,590000
5605000440,759000
6632300230,342450
8815400165,776000
6708200320,609000
2426059076,522250
3260200200,545000
2770601741,487250
4338800500,237000
9201000320,910000
7655900038,447000
3625059140,490000
4222310010,152500
2114700115,275000
3291800710,375000
9406590010,415000
3025059124,2535000
7972601250,240000
930000470,811000
6690500060,400000
16000015,160000
5693501102,443750
8079040490,470000
7225000155,349000
8819900170,845000
7972601270,338800
1224069074,832500
5126900321,283450
3438501860,194000
2822069080,390000
1656600310,589500
3856900507,1500000
1626069139,624000
2524049257,1195000
3904960150,564800
7214820610,495200
7977201845,725000
2428100080,847093
2202500135,630000
1523550220,733000
2313900610,399500
4123840050,408000
2125059124,900000
1225039067,420000
6431500283,125000
2473380010,325000
5694501195,406000
2881700046,350000
6837820330,305000
2337300370,229900
3876540630,249000
626059317,325000
3374500520,364900
7228501903,330000
4019300051,430000
4232902615,708000
3546000090,259900
8127700215,733000
3438501100,417000
1769600066,530000
8146100610,765000
3052700695,933000
7954310210,568500
3761700053,2450000
1320069179,299990
1331900410,1070000
7303100210,360000
2464400285,465000
6163901150,415000
8955800045,300000
2314300200,405000
9528104360,455000
4177100005,500000
8856960260,330000
1828001220,705000
3066400710,590000
624110610,775000
4040800260,420000
5019500215,775000
2481630180,1000000
7203170190,706000
510001280,925000
9430110120,750000
1565950030,319000
9828202255,585000
3878900270,439000
8091600080,205000
1112000035,290000
2228900270,302000
6648701740,240000
1245003740,775000
2174503441,647500
7708250010,319990
6072300110,500000
2329800140,245000
1494300040,540000
3832050130,270000
7203100730,992043
7199330170,465000
7785000220,650000
1250201175,775000
4054500180,910000
7905200061,384000
3751604895,201000
5220300140,245000
3323059027,317000
8651611980,885250
8673400190,579000
1668500100,730000
1023059365,437000
3308030060,429000
4232400860,940000
2144800615,183000
1568100920,970000
9406510040,476000
2923049421,440000
1051000040,1636000
2077700042,725000
9423800030,272750
9818700455,677000
7133300675,385000
4113800550,600000
5553300375,2450000
2025701530,235000
7942601155,485000
7524300020,315000
2520069100,283000
5412300410,165000
7504110760,792000
2594200350,370000
2722059013,198900
8078430480,546500
1423069162,439950
8856001090,204995
7000100631,1565000
4222200280,240000
7971300050,510000
2009001600,267000
6619910140,607500
2877100985,520000
1196000007,380000
1330850130,750000
6664900410,283748
1231001110,362362
9235900030,312500
9407101840,320000
9523103001,475000
2149800278,305000
7234601198,640000
9476700035,326000
9297301065,685000
518500700,725000
7843500090,308000
6056110780,374000
2345700260,372000
3509600070,348500
1431700280,363500
1623049174,235000
3024089049,387000
7853340450,378000
7732410360,790000
1446800995,267000
2946000285,355200
425079100,403000
3876313040,474950
1762600260,800866
1925069121,1075000
7443000480,625000
7820000015,309500
4027701253,450000
2826049165,425000
5426300060,898000
1278000210,261590
923000270,340000
7657600005,223250
3024079057,387000
3276180020,309000
7304300760,350000
3908100020,475000
8835400805,762400
4051150070,208000
3904930530,432250
6163900971,275000
7942600310,485000
4365700330,193000
423059207,300000
3992700265,455000
7177300090,381500
2540820010,685000
5700002510,1160000
5201000030,483500
7631800015,2900000
2922702965,546000
1525059198,998000
1245003160,628000
3810000455,322000
7855600080,540000
5701500030,1220000
7504020400,615000
1402600570,335000
7575610760,254000
8731990370,355000
5021900090,943500
290000075,149890
2841500010,310000
3955900830,459685
7852110140,569000
1311400350,260000
7773800015,465000
4123400320,507500
2725069157,885250
666000143,690000
5101408678,300000
6371000026,380000
2024059084,800000
7283900036,327000
8881900230,721000
3959400135,440000
7696610270,234950
1689400150,630000
5103900015,369950
1441000350,419328
5101408735,330000
3126059027,1980000
2320069014,550000
9541600015,580000
8682320420,765000
1562200090,800500
3395070980,433500
7349600230,250000
522049122,425000
869700060,300000
811000055,862500
1221059176,407450
1523059103,410000
2025760210,1700000
9218400088,265000
8682292020,419000
2623089135,420000
3758900259,2075000
524069049,400000
3121500150,900000
5581400080,890000
8087800020,450000
4070700290,1080000
3296000170,549950
9238500040,599000
2744600040,430000
6813600380,520000
6140100150,389000
2201500555,525000
2600110250,679000
4337000275,110000
1186000150,332000
1972201963,510000
1105000745,517100
2887700560,495000
4039700080,640000
522049104,397000
4202400078,226000
7520000695,251000
7714000310,359950
4319200060,525000
8624700015,745000
5104520610,291500
2354300845,272750
3824100291,420000
6151800612,160000
5454200080,838400
6413600290,354950
2131200065,299904
1459920010,286800
50300090,380000
2326300090,872500
7714000070,359950
3630180500,860000
1727850340,1211000
8691430330,1138990
2310030390,245000
5561400610,454000
7010701016,560000
7883605915,300000
1282300995,247300
4040700310,501000
3353400435,227000
2143701015,441865
255450020,454950
1020069017,234000
4038200120,430000
9284801100,315000
1965200075,699000
847100047,600000
4038700720,520000
6815100085,760000
2508000020,329350
255520180,740000
6822100750,615000
869700050,300000
1775801405,483500
6600400090,249950
7202330270,421200
1683400165,1100000
2625069070,750000
7625702440,461000
3388000640,221000
1899400365,292000
6899990200,1075000
5569700020,960000
986000045,342500
3293700221,240000
3764800250,422000
2291400566,397000
4219401236,2200000
4239400840,149000
7211400990,165000
7696500280,215000
7215721070,500000
3204850140,365000
4322200220,614000
2566300100,1200000
1944900090,415500
6648500390,162000
7385300020,590000
1704900135,230000
2877100655,767250
2726079098,515000
7625703800,448500
318300040,440000
7922800190,528000
2023049361,274000
8946400210,488000
6071600450,470000
4343800100,440000
1443300140,370000
1024039001,877500
2767704860,450416
7234600851,1440000
644200065,610000
7784400035,585000
3826000560,190000
9272202260,585000
263000253,375000
3621059043,649950
240000130,578000
1352300120,200000
7849200861,240000
2487700130,459000
1796100140,359950
7234601221,458500
8651710190,390000
2916200091,357000
1232000915,658600
1545801970,189808
3211200420,304000
7686204675,123000
3141600210,210000
3959401284,430000
2113700825,345000
3876000710,410000
522069022,440000
3214200070,387000
1221039156,315000
259600790,370000
785000040,461000
8138870470,472500
2596300035,330000
540100057,880000
3073500045,569000
5363200266,350500
8682261650,550285
3224510080,826979
3211270160,449500
9269200520,90000
293810190,460196
4197400043,495000
3026079031,334200
5332200405,990000
2473411210,327500
9268200315,585000
8123500050,485000
3221069091,437500
2485000165,760000
4058800215,350000
1926059039,800000
2533300680,931908
3343903640,440000
5700003705,923597
2023049372,805000
4058800830,1050000
3333002302,360000
2944500340,294000
1982200790,770000
8929000270,472217
8122101440,325000
7525530470,693000
9332800020,687000
3878900525,150000
5420300210,286950
9232900165,320000
6414100026,437606
3013300660,578000
7954300120,555000
1081200360,320000
2877102345,477000
2202500255,345000
7984400050,205098
9558020380,499950
7812801850,132500
8944460020,370000
2306400040,440000
8649400410,370000
7889602020,250000
2041000025,631500
871001484,525000
2767602141,650000
3630180470,800000
2769602140,435000
2473250280,315000
5422560660,406500
3756600240,175000
8651600160,780000
7202300540,900000
8961950250,370000
3303000130,471000
798000062,325000
1695900150,610000
1604730150,565997
4136930310,359800
8835401250,1399950
8665900328,510000
9262800255,239950
1853080570,858450
5556300114,835000
9517200290,460000
4037200295,537000
7417100123,355000
2620069077,218000
7922720040,746000
558100090,551000
257000037,249000
3319500385,425000
9297301520,275000
3580900090,389000
1321039076,222000
7227801581,260000
9407001620,320000
2130400150,386100
2312400200,265000
4046700210,340000
1193000480,762000
1492800296,685000
3013300017,387500
3630240140,479950
1049010390,320000
9320900420,133400
4315700060,435000
2591010290,365000
323089085,446250
6600400270,234000
2919701105,344000
7202360670,963990
8927600100,823000
3211700045,535000
4027701326,585000
1601600195,210000
7853280350,1250000
3629970130,690000
7203120020,780000
9542900190,374159
8035350120,790000
1238501184,940000
251200240,420000
8945300200,205000
2162000160,838849
5466310060,189911
1239400064,1170000
5205000020,335000
1720800305,625000
7280300375,600000
2095800400,475000
7852010950,567500
1428001160,1247000
9528104910,560000
8644210470,783350
7923300310,465000
254000100,615000
1931300688,550374
7007700030,410000
422049178,198900
422069067,411000
2923049393,454000
930000305,440000
2461900448,443000
2610100020,305000
2895550050,280000
7701700040,300000
2460900020,565000
9827700105,593000
1005000240,305000
7200001254,402000
866400040,540000
305000170,672500
2260800110,1030000
3442000127,700000
5253300437,420000
7576700150,870000
5469501410,400000
5104531120,625000
723049434,236116
622069006,1380000
2517101200,400000
8159620160,161700
5561300640,439500
3317010130,229900
4364200250,385200
8732300060,560000
5603700025,980000
3585900190,2225000
3996900575,277000
8731801260,235000
3810000860,330000
5700003585,3000000
6332000050,558000
9286100250,475200
9471201110,1225000
9290800050,590000
7300200400,711800
526069024,835000
1454600156,452000
3904980360,498688
2626119062,300000
8651730290,455000
7611200195,780000
1919800260,650000
6632900354,350000
3972900195,370000
5151600170,375900
7016000440,415000
871000435,650500
9578060540,500000
2332700060,643403
766000240,299000
4363700200,249000
7100000250,250000
2781250560,215000
2781250100,355500
5419800220,255000
7147600245,245000
2926069083,784000
6189200125,744000
9542830160,286950
5152200020,318000
9412900045,535000
6600410480,222500
6979970080,541986
5636010280,253000
1732801300,925000
5561401530,439500
9578500510,395950
7304300906,305000
1223089077,472000
721049207,429000
8691330310,790000
1523069204,433200
3188100105,520000
6608500290,425000
2891400410,205000
7663700551,350000
5413200140,285000
425069139,588230
6713700155,419000
2767603505,536000
7789000080,270000
9211500620,210000
3750604417,209788
7922800320,528000
1471620240,445000
2222059052,365000
9551200270,870000
2767603160,520000
9406710060,408000
8929000250,449500
5538300120,410000
2223069120,250000
1652500060,1378600
8564500240,390000
3629700120,635000
3943600070,359000
4171200025,315000
2425049063,2900000
9828701650,295000
3581000340,285000
8100900015,337500
2125059161,1211000
304000380,196000
8146200070,1715000
686530170,534950
2917200645,545000
9547200530,900000
2122059199,1250000
1150000740,620000
5706200060,290000
9265410010,240000
4083800555,500000
6152900332,382500
2520900301,205000
9828200790,428000
1657530180,280000
7471900045,235000
9828200460,430000
1775900140,420000
6139800430,435000
7214400005,415000
5332200026,405000
9510970300,840000
2540830020,440000
3392100140,205000
1326069191,420000
2125059112,600000
859000022,277000
8854100350,559950
121059007,287000
7977201707,475000
3859900060,4208000
8815400735,525000
705700530,366000
6600780130,399950
6378500105,440000
8143000310,437500
2877102330,1011000
3526039074,723879
2115510300,245000
3024059014,1900000
2141330360,660500
546000400,380000
2071500011,369950
7972000240,240000
7016200460,415000
6204200180,485000
1552100135,968000
88000173,390000
2581900235,950000
9211500560,210000
621069218,550000
1321970240,300000
798000630,275000
421000285,212000
2824600180,863000
3832051140,311000
1237500105,561500
8802400906,279950
3166900270,390000
3682000060,359950
5469700020,380000
1245001820,654000
9547205660,626500
7974700122,667000
7550801225,600000
1099950050,908990
1402900460,349000
7636800041,1379900
2115720270,241000
8651441750,195700
3904100035,305000
8815400020,776000
3303860590,499000
5427110040,975000
1782000160,315000
6204420290,435000
3995700245,300000
7955040130,412000
1442880650,539652
8833510230,670000
7283900551,660000
4396000180,234071
7504021310,820000
322059264,270000
3654800040,290000
2767704777,625000
3278602190,380000
3236500220,485000
3410600100,335000
629410180,680000
3352402250,122000
4363700304,275000
7237550130,1145000
9808590210,1274950
8074200175,270000
3463400330,450000
6306400140,1165000
8564950250,533000
5381000070,204000
9826700697,455000
8132700190,450000
7943000020,118000
9547204675,562000
4112100101,715000
727500030,816000
114101426,415000
9274202005,677500
1193000380,624800
3039000020,625000
7852170130,650000
2624079010,529000
4137010540,299995
7576200012,1070000
1138020020,375000
3969300030,202632
898000200,219000
5153100030,245000
5104532030,585000
4406000050,231750
9274203390,650000
8682290360,439950
6928600330,250000
4139680070,919950
6844702690,520000
2154970020,770000
4385701285,975000
2426059071,625000
2867300160,600000
9512500720,425000
1773101020,260000
8687800100,275000
3627800050,2005000
1604600227,230000
3300701170,397500
9250900111,556000
7015200790,611000
1311100490,270000
2469000010,743000
1982201596,622500
1862700290,294000
2586800270,150550
9528102772,497000
5490210200,539900
6669080020,450000
179003055,185000
1860600535,707000
1592000130,590000
3905040170,545000
9320500080,210500
9276200850,375000
224069114,535000
2260000340,699900
5096300130,420000
3432500215,424500
2600000050,790000
8856003839,200000
2492200435,425000
7855900110,1635000
6806100250,320000
2770603523,439723
1370800515,2250000
2726049150,500000
1226059161,590000
1068000375,7700000
9528104109,535000
5126310060,499990
1951820070,652450
1545805980,394000
9464700340,935000
4319200675,538900
7518500885,533000
7852020620,487275
869700370,260000
8643000190,274000
8902000267,590000
7972602435,265000
2050100210,830000
6705120540,375000
2767601390,492000
4141000490,947500
9345400350,805000
3222079162,297000
7789000120,255000
6646200770,570000
6666800180,900000
1725800280,398000
6117500460,1131000
5470100220,225000
5457300478,455000
7550800195,575000
7787050180,478000
6204430250,525000
7640400250,509007
624110920,845000
3629920140,425000
7173700518,965800
3210200395,630000
2473480560,328000
2623089141,520000
1423800080,255000
2076400050,268643
3832060120,311000
7702600930,427000
5101404555,511000
3723800415,432250
3356403400,224500
9214400125,531000
1797500530,540000
9551201660,790000
3878900815,475000
1760650280,327000
5466410030,239000
6388930620,605000
2331300395,941000
9412700160,300000
871001611,635000
3142600120,605000
3995700220,300000
2310000280,305000
8039900400,390000
7504021510,765000
1959700445,1328000
1556200155,333000
3629960590,387000
259000240,500000
662440020,415000
3123049142,590000
321100260,840500
6840701095,611000
3738900165,366500
4427100130,225000
9238500100,420000
6145601810,443500
2570300090,425000
4017600010,489500
1005000220,319678
1257202120,550000
9527000490,528000
8691400080,753000
1726069084,400000
248000240,240000
6113400046,515000
2130702350,337000
920069052,255000
6071300160,470500
1623049041,84072
9268200285,413500
1843100520,380000
2887700826,631750
9122000385,593000
9475700220,426950
2804600005,950000
2896400300,467000
5015000180,872500
3630220180,775000
8832900780,647500
1568100300,350000
8718500610,389000
4147200140,1100000
1973700030,920000
8862000075,184500
9320990110,370000
1151100035,550000
2011000010,250000
1651500060,672500
446000190,600000
2344300220,1195000
523049195,195000
9191200015,875000
7942601410,750000
7137800300,185000
7853300280,499000
6654700240,295000
569000050,544500
3584000180,204900
2026079055,465000
8898700880,289000
5075400150,679000
8731981360,414000
4222500020,253000
7996720050,653000
4077800094,580000
6446200365,340000
2824089053,615000
1311800220,250000
3522049063,550000
1721801280,270950
6131600240,214000
7202310040,640000
1123059125,650880
646910160,206000
5630500005,351000
3342100785,285000
9547205610,620000
1773100123,285960
3353400092,290000
217500015,419600
3649100031,396000
7896300150,335000
623049185,240000
1773100430,427000
1781500220,620000
3395380200,330000
2424059170,2983000
4389200765,1749000
1543000060,485000
6154900005,389000
2902200240,505000
1442880640,499431
8562770490,554000
2768300655,497000
3432501315,336000
5035300570,850000
3626039028,443000
3876540780,250000
327000100,900000
7551300065,450000
1312920060,225000
2215901230,254000
6306800010,432000
2767700022,530000
5589900610,551000
4320200020,505000
5249804655,430000
9238500480,532500
3885806565,1170000
7905200205,500000
5727500102,370000
3585220070,529100
2078500210,605000
1839920050,370000
534000080,329350
856000255,698000
4141010110,1460000
9558040820,575000
7768700315,624800
2796100640,197000
1922059010,204995
3448000542,212109
3883100220,302000
7237301210,240000
3893100456,940000
9578501110,299999
6145601995,625000
4024100120,383610
8899000050,255000
3396820010,535000
6749700117,340000
1954400060,550000
3303970100,650000
2540850070,441000
3797000745,400000
7883603700,217000
3438501452,310000
3530210260,690000
3598600049,224000
731500170,205000
7129304375,199900
263000006,405000
7212660560,339999
1112700010,305000
3420069060,450000
2473000470,325000
8691390980,680000
6184700100,400000
4476400275,348140
2968801240,259000
1529300160,425000
7640400070,457000
7016100380,528000
2172000890,480000
4035900015,711800
9528104660,1465000
507100005,310000
2783100160,330000
3629921140,1350000
1099750610,279000
1330300451,1008000
2757000030,940000
2114700190,236500
2050000020,961500
3832500790,299000
2612000390,230000
1483300430,725000
8899200720,315000
9183700470,355000
3530490031,255000
7857001225,334998
7920100083,380000
2254501620,345000
3303000130,471000
3876200070,515000
369000365,276000
3052700385,580000
7856550240,830000
7300410110,395743
7201800300,570000
1695900060,614797
9429500146,852600
3629910240,635000
8805400090,275500
1022069050,287000
1138010530,370000
7877400266,219500
7974200452,935000
2126049265,360000
9547204350,710000
5560000680,210000
3793500550,310000
4217401195,1200000
1826049408,431000
3905100210,467000
7695370160,679000
3210400060,235016
6146600170,150000
2767601750,536000
1773100926,484989
5700002125,640000
1951100100,229000
1402200340,322400
8044200200,425000
66000070,340000
5083100065,178500
4027701284,415000
5693501100,443750
3600072,661254
8078550250,248000
1922059046,245000
2902200016,895000
9183700845,144975
3333001997,325000
1432400525,270000
2824059128,432000
6453550090,925000
6202600070,2328000
7524100280,215000
3524039224,1007500
5739601300,630000
2473000410,399000
421059018,246000
4232901120,707000
5559600140,249900
3797310150,280017
7986400265,898500
3025300095,2187730
7524950830,565000
9407100730,220650
3812400854,378500
6002400030,325000
2212200090,255000
7202330610,554000
7300400170,355000
8965000110,335000
3996900125,400000
2221000100,299950
1524079088,378000
1133000036,415000
1868901190,622000
4037200530,435000
2095500120,335000
1995200338,853505
8820902350,670000
7459810210,355000
9536600010,170500
8085400586,998000
7518503065,280000
8682320350,554000
3179100790,794154
9828702666,650000
6713700250,585000
2141330700,655016
7519001990,445000
3223069019,352500
7994700030,200000
2592300450,250000
2792000010,355000
173000025,267000
7203150330,706000
3305100210,819900
2581300055,950000
6613000750,1500000
7015200685,600000
1323089184,440000
3793500510,399950
2225079030,400000
3578400710,400000
8100000090,236000
2095500040,255000
8682281710,667000
6163901380,250000
6918720080,665000
6914700130,385000
1205000215,874950
3800008,291000
6150200180,312500
1223089066,780000
7768800290,798000
9285800330,745000
1974300020,380000
7628700050,910000
9376301800,671163
8651430220,177000
629810350,745000
5016002180,1100000
9558010230,345000
8732000390,200500
7899800586,450000
5249802460,664000
1446300020,519503
7785380150,480000
1245500950,590000
3362400640,775000
7578200310,555000
4137020910,299995
11520640,837700
7972601995,335000
8122100160,535000
9456200450,298450
1328320760,344571
4025300285,340000
2721600125,842500
1123049027,324953
3542300060,225000
291310340,540000
8651720420,423500
3298200790,415000
4037200585,300000
1329000090,1042030
9279700013,1240000
4151800265,725000
7760400210,249900
5029450110,198000
9492500160,919950
3578400270,393000
7606200090,240000
3682000050,379500
1250200415,365000
629811600,690000
1839500115,320500
1176001293,1555000
3013300409,372220
7853280370,1250000
3275780030,655000
3336001946,254000
5456000110,600000
2473250400,299950
5393601635,875000
8820902905,335000
1245001659,710000
1523069215,420000
930000234,469950
4083301645,626195
4055700778,850000
2781230080,410000
3629910210,635000
7856700060,653000
7589700055,300000
3888100043,365000
6381501636,375000
3303951150,436500
8638500170,350000
5635100050,393000
8820901792,670000
5456000025,597326
985001275,152275
9560500105,810000
1421069117,205098
4154300296,235000
795000620,135000
9828702335,610000
1250202145,1085000
1163400070,340000
5652600065,439000
1042700050,831548
8899210320,315000
1651800030,1388000
2919201365,660000
4365200895,200000
6841700100,1325000
7376300060,490000
7852090180,507250
9222400565,649000
9542400075,516000
7338000150,195000
4322500110,495000
7694200070,359800
9321010130,249000
3204300455,1450000
6706000040,268643
1565930130,320000
3279000420,184864
194000575,500000
2115510160,232000
7522500005,588000
3787000140,455000
7852110690,721500
5469700260,390000
8691410730,731000
114100763,310000
1257202430,1095000
7000100635,375000
1900000195,215000
251500330,1705000
7701960210,910000
4037000065,475000
522059299,243000
6072300800,646000
6821102358,505000
5029450200,198000
8860310240,563000
826000295,280000
9417400110,375000
3959400345,614000
8899000430,319950
7527200030,740000
8562720410,1200000
1432400335,145600
6699940320,337000
2525059172,859000
7548301044,390000
2141300420,729032
5100401414,450000
7346600092,265000
6852700478,350000
87000213,197500
5416500260,293000
322059097,300000
7229900005,378000
7116000350,176500
3739500096,430000
6744700900,710000
1959700550,1065000
5589300435,359000
1775920350,373000
3750607974,250000
5318100935,880000
1442700430,480000
9346700030,722500
1841500050,215000
7278100665,302000
8635750980,568500
6909700340,685000
7011201475,937000
9348500220,660000
3876313170,475000
2195700050,915000
3760100200,450000
3396800120,390000
3750603685,305000
9828702310,555000
8656300380,340000
1438000170,670000
2423069164,437500
2112700845,305377
7635801370,554820
8572900135,369950
7504010590,975000
6821100125,473000
4310702775,269500
2591010180,464550
9828700235,575000
9376301180,439500
1646502355,1059500
1498301672,360000
7715600070,425000
7283900045,530000
522069119,357000
5200100125,519000
826069184,565000
3271300155,980000
4444800045,730000
8682291050,775000
2770605420,560087
1556200205,410000
269000970,1230000
9264900880,264000
2323059074,242500
1224059053,1650000
3755500065,425000
2571900430,338150
3705000070,284000
824069173,607500
1735800050,95000
3025059089,650000
6132600655,631625
1068000255,1274950
3052700921,635000
3024089057,249000
7390400026,345000
1787600224,357000
2923049372,239900
7015201015,1400000
7701990040,995000
1925059194,990000
301401370,329900
1931300955,530000
2395710070,379900
2591820070,440000
7883604065,200000
808300200,454000
1421069159,357000
8562780540,329950
2787720300,346150
2349300069,271115
739000035,84000
2397101460,483000
7625702437,389500
5101406441,440000
3323500010,1210000
225039082,820000
8078100260,386000
4139480200,1400000
7436300160,549800
822039004,575000
8651442910,230000
1370803510,736000
3342100569,563500
1310430400,600000
104540820,240000
4305500030,478000
993000090,718000
8044050040,455000
5707500050,700000
6306800080,295700
9206700190,699000
8732040090,429900
3037200045,595000
438000025,771000
239000115,325000
8929000230,472217
7135520610,1385000
5561300340,465000
9530100085,657500
6613000140,1580000
8835210130,322500
3782400190,350113
379000051,322000
3869900150,335000
4322200050,525000
8961980290,679950
2558670110,450000
1124000010,467000
3869900138,484950
7853300720,425000
251300110,225000
3904100041,240000
7701990300,780000
8682231190,558000
7888200240,295832
2025700730,269500
3066410800,680000
7576200040,720000
2526069095,960000
2781270530,200000
3763300005,474950
1523049083,235000
923049468,213500
3303700221,640000
1502400140,230000
2880100160,1010800
4083304535,757000
8820902549,620000
4139400060,849000
1222069094,340000
9367200205,724000
2734100736,300000
3856904580,584000
3812400789,338000
3303980090,750000
1314300018,305000
9522400350,439000
7524350080,397000
9406520260,319950
3278602040,380000
7696620100,249000
3751600635,271675
6365900065,490000
8732800100,365000
3876540410,246000
7349660050,272000
1036700220,880000
5417600200,319950
8732020310,263500
6844703240,990000
923059206,373000
4038700220,810000
2597520900,982000
7203230040,866000
8820903560,348000
424069112,690000
6056100102,440000
1823069155,420000
9412400220,2532000
6851700381,952000
13001215,200000
3630180340,840000
6746701090,569000
3832050760,270000
369000690,469950
6071900130,391000
7266200085,695000
1473120390,426500
9523100458,552000
4345000510,250000
6600220090,546000
8079040320,429000
1357900060,455000
3996900295,322500
1442700250,480000
5021900175,565000
4365700130,330024
3876100320,565000
2124069103,340000
6700400140,250000
7852090810,560000
1454600038,925000
4137000250,322500
9826700726,565000
6716700325,300000
8562750300,600000
9315600050,870000
2790410250,665000
7732410130,785000
1387301730,354500
1568100220,405000
3975400085,762000
339600110,546000
7888400500,265000
1842390130,790100
7595700025,413500
2158900140,525000
6151800070,313000
9294300515,765000
1250202660,921000
9106000005,967500
5035300085,687500
8898700440,289000
723049197,232000
2019200220,160000
2926049408,710000
4233600190,785500
9268851860,415000
5458800620,735000
424069096,456000
8150100265,210000
2742100085,400000
8045600130,380000
8039900086,445000
4131500190,295500
1370802650,585000
821049149,233000
5104520460,379000
5466750140,252000
1703900155,260000
8658303065,240000
3298720030,420000
1839900080,342500
1561600025,681000
6064800410,216650
621069102,137000
7853360620,425000
9385200045,620000
7214770020,623000
5412300100,230000
2025701360,305000
7334602070,271900
8029200190,219000
2622049052,357000
3126049261,425000
4443800705,465000
2473420100,279000
7922710520,557500
3336001911,267500
3797000300,492000
5406500480,624778
6706600090,465000
1518000230,455000
1250202990,860000
6441800060,910000
2141500070,471000
9407101900,199000
5451300117,3400000
326069132,326000
7153400100,243000
3083000910,425000
3021059304,261312
2597530650,849000
3972900215,400000
2473420070,345000
6115400008,375000
8682220230,850000
642150080,485000
3775300030,357000
5418200340,589000
2424059119,761038
7899800476,300500
8598200070,330000
2421059125,549900
9528102771,570000
7522500020,575000
7202340720,656000
3286800260,640000
1121059105,450000
7504030220,705000
4045100190,1735000
9406530090,379950
7138000260,291000
2600010390,817000
2917200365,375950
2191600780,234000
7784000180,495000
6149700194,375000
8082400136,780000
7202340930,702000
1972200556,579000
2767604170,545000
3271301175,425000
3223059303,401500
7598100735,350000
3348401490,360000
1545803390,270000
2296700050,469950
3626500045,650000
1596600060,445000
3616600250,2050000
8078560140,268000
1796360350,214946
2770601763,520000
3223069118,472000
2473372040,359950
3575302759,366000
5706200170,452000
1774000030,396000
2224700136,340000
1250200418,365501
5416500840,371000
7335400345,150000
3776300010,920000
8857320130,542000
424069206,725500
3592500985,1325000
9828701295,202000
2621750340,279000
7334401000,270000
3286800110,745000
1722069097,475000
3574770030,590000
1336300610,1365000
7230900100,392500
6141100320,245000
2767602356,547500
476000017,536500
2558600100,540000
3500100015,277000
4074300150,375950
8907500070,2900000
4388000260,205000
2475900850,290000
7852010900,605000
318500300,699850
9200000050,110000
1026069106,326000
205000120,715000
2616800600,1025000
921049141,699000
2023069059,950000
7229900145,396450
4376800010,529219
4389201095,2250000
826069127,430000
2310000250,274950
4058801225,229500
6600220550,440000
3585300194,2125000
2594200375,451000
1102000514,789888
1862400471,414950
6928000440,304950
9578060470,505000
8732020670,285000
1823069088,330000
8712100350,1443920
3420069055,299000
4229900140,334000
8682280490,439888
3830630310,280000
5100400251,403000
1737100830,762450
1630700276,625000
6326000205,400000
3426049284,1925000
3814900260,440000
7403200050,1295000
1725059252,899000
8899200570,279950
4137000700,325000
1115300270,730000
3904920380,530000
2695600195,416000
9542100135,530000
1552510160,425000
1823059241,599950
2193320450,552500
1122069006,495000
7853340330,378000
1954420380,490000
7299600530,279950
1760650670,286800
6819100080,775000
2767704649,494500
2424059035,805000
1566100400,438000
5255690060,490000
8860500130,417400
7349650120,270000
3291800670,303500
3764650010,500000
5416500950,375000
7973202712,225000
3291800120,307000
9211500620,210000
8643200020,410000
9197100101,145000
3531900060,443500
8842400071,368500
6844701680,350000
6413600285,453500
5196410260,925850
824069121,915359
3876313120,525000
269000030,1308000
1560930070,535000
4435000705,160000
9542400025,675000
2470200020,1285000
7519000580,435000
1226059101,550000
4449800063,310000
2815600305,635000
3821200050,390000
2644900110,340000
8058500005,375950
1099760230,279000
1954430180,485000
7853360480,500000
7229100040,325000
1432400120,165000
1898200080,355000
4054520100,885250
2568200140,728935
587550010,599950
4154303215,435000
6358900070,635000
3277801640,380000
6209000165,425000
6143000020,299000
2591780180,355000
5412400170,267500
5466350120,290000
2877104196,733000
3222059007,525000
7957600025,250000
2698200210,246000
3764500230,700000
414100630,415250
8029740060,260000
1426049054,339950
546001060,700000
3277801417,479950
3630120970,890900
2326059080,1078500
3278612370,380000
4024700100,240000
7697870860,250000
8562900240,752500
4059400585,242000
5703000050,420000
7701990560,910000
1760650610,327000
5408100035,450000
1370800560,800000
2880100240,480000
3630060150,472217
6071700020,561000
2473002500,325000
2768300650,605910
3523089019,890000
2787250190,518000
9477940440,475000
8732030440,261500
236500050,258000
993000100,718000
5466700360,295000
7203220300,859990
8682292180,413800
5209200010,625000
7853360990,409000
8663310010,380600
2313900165,678100
6114600030,526000
3303990030,1029000
6679000960,349950
8161000230,632500
9510860060,712000
1223089083,770000
2721049059,310000
2523039278,270000
9826700707,526000
2159900120,570000
2767600635,519000
3812400455,350000
7852030960,368000
319500080,692500
1061500360,299950
1787600209,325000
7888700030,300000
3623500260,1350000
4219400520,1325000
518500460,1118000
2500600297,245000
7283900010,302000
9225900055,292000
4036800925,367400
7967900150,420000
1782000130,460000
3163600015,135279
254000075,685000
1424059022,963000
2768200090,727000
4319200505,495000
1592000780,660000
1687910100,629000
5200100115,509717
3751600176,229900
5608010650,905000
2051200506,330000
2781280310,292000
1023059190,290300
2787310130,250500
4358700100,397000
3121069036,490000
1959700225,755000
3205500230,385000
7974200937,439000
6819100111,931908
6146600175,200000
1525069095,783350
1231000510,510000
4122700040,1450000
2426039314,324950
2013200390,332000
1854900330,632500
1923300135,610000
582000135,485000
587800130,308000
7840800135,165000
6116500366,255000
6392002635,600000
5361700020,395000
106000395,447000
7199330390,392800
2484700155,685000
4038300070,460500
9407101850,415900
293610040,580000
7202360760,790000
5608010750,1065000
7236500025,424305
9144300120,350000
1454100267,379900
1377800135,590000
7967700570,249000
1562100220,600000
2923039243,528000
868002080,800000
7137960460,270000
1023089096,392000
3262300818,1800000
8563050110,544500
7137300245,364000
4365200630,240000
4100500070,1815000
3821400200,259000
5379803386,260000
4237901075,676000
8118600155,407185
8946780080,795000
1428000970,326188
7011201004,600000
2799800180,408000
522059130,213400
4315701163,665000
3649100387,409500
2125410210,307000
3224900130,229950
6798100661,245000
3626039325,729953
8730000270,369950
6065301040,975000
1665400165,215000
2203500140,435000
4058800875,229500
5076700025,630000
7853420110,575000
7818700480,250000
8658303080,425000
3187600100,640000
4077800518,387500
2470100110,2998000
3451000206,395000
1843200350,200000
7904700126,385000
9430000070,268000
6003500749,570000
7701990700,890000
1310820150,345000
3975400190,733000
4100000050,640000
7202270700,599000
7370600020,430000
126059225,624000
106000015,410000
4458800060,945000
8944290090,233703
8682250330,625000
9834200390,390000
3275880100,765000
7227501190,285950
1796100010,780000
3831200210,196000
2521039066,261983
7701800050,604700
3904960910,647000
5647900670,286950
7234600796,545000
3021059244,229950
7787400030,1380000
2051200436,495530
8820901415,342450
3523069047,920000
9194101388,401000
7277100610,322500
9471200370,2027000
2767800140,395000
3629870110,379000
9136102057,580000
8648900060,439950
3678900110,311000
2767600150,495000
1972201511,575000
6055000430,725000
6624030050,390000
2215450150,338000
2767603824,467000
3585900460,569500
2922069134,491500
9267200062,344000
7228500425,998500
1089000190,699000
3359500960,532170
5152100160,515000
7230300060,448000
2423059067,437000
8016250060,210000
2524059267,1029900
1438000440,542525
3326069026,549950
9353300600,348500
8691410060,613500
6332940070,450000
1310980110,268000
7428000120,225000
3626079040,485000
2722049077,335000
984220290,345000
5347200160,135000
4154303655,439000
2953000250,269900
9523102447,518000
5104511840,444000
3448740250,415000
4219400290,1657251
5152100060,507000
3279000460,215000
1102001274,1052500
1251200155,934550
2025700740,259500
3820350050,349950
1245000438,655000
7853230200,495000
3832200070,271000
2926049400,417000
1246700251,1070000
6372000155,638000
7950300670,340000
7518504130,670000
9286100200,475200
3992700585,386500
7234600786,987000
5476800069,368500
1126059201,1120000
9527000090,455000
402000115,311000
8818400450,1100000
2475900840,290000
1437500015,155000
2848700095,380000
1529300135,435000
2597520090,756000
7812801125,285950
3343903647,405300
1951600250,251000
9542840590,269950
8081010040,1275000
3262301355,1712750
1861400068,360000
3295900490,429950
4345000440,262500
4219400465,842500
3797700030,272000
3204300860,791000
1930301555,690000
8807300130,259875
4391600035,247500
5021900140,1975000
2946000590,249000
686400210,521000
3365900462,275000
8682262170,455000
7312400325,230000
3760100100,400000
3579000410,482975
1773100755,317625
7129300175,265000
6303400965,165000
1328320440,320000
3686900025,212644
1221039066,399611
7950304095,258305
3585900785,1415000
9455200329,700000
629410130,775000
1994200375,630000
6669200370,980000
7262200150,240000
7504010750,435000
5253300173,422000
3395040200,285000
322069109,380000
4054510270,1150000
1710400005,525000
8644300170,1110000
2450000290,877500
6102400166,540000
1934800087,521500
3333000775,334000
5393600509,329445
621069039,235000
3343903611,579950
2954400020,1060000
7972000010,177000
7214810510,420000
5561300540,450000
2634500070,451000
6822100310,650500
9201000100,772650
1072100085,270000
6190701146,375000
3277800845,235000
112900020,460000
1324059048,527500
7979900126,415000
7199330370,570000
6381500720,415000
8078550190,255000
7853440140,771005
6300000396,369000
3374500250,533000
3343901188,309000
6979900010,875000
7199340320,568500
1112000125,713000
9269200150,382000
5104510210,305000
925059219,560000
100600320,230000
1789900080,316500
2123049142,345000
2459900040,690000
3902300450,655000
7250000065,312500
7823700005,415000
3750605247,255000
2771601730,510000
3298600440,464950
9141100005,689800
8682262190,419950
9407111250,242000
1336800010,1230000
2255500060,530000
7950302345,261395
8658303585,240000
9184700600,1580000
8068000440,265000
1310000130,349500
7853221330,825750
1222029077,565000
8562891100,312000
2517000260,340000
2225300149,375000
8651410330,179950
2413910050,840000
9407100720,280000
2112700920,452000
3761700251,950000
1036400100,716000
3585300365,525300
8562750060,828950
2719100042,556000
952007055,450000
925049318,642000
7203220260,835000
9320990140,260000
8567450140,564500
5379800810,184500
7784000100,549950
3992700475,425000
7905380280,325000
943100683,340000
8029770470,690000
2818600060,925000
1226039124,466750
726049184,225000
795001930,355200
339350150,690000
1332700270,285500
7548300170,540000
6141100330,440000
647100096,988000
6744700423,410000
2895800750,279800
4046600220,441000
8809200070,405000
293700110,770000
4178500440,269000
4358700164,90000
9197100263,240000
2426039313,324950
9468200163,540000
475000190,485000
7504180170,225000
4036800170,465000
2561330040,325000
4123400340,467100
524069115,1050000
4047200850,250000
8651440230,231000
3905030140,601000
510000641,651000
8663370020,425000
2883200760,823000
1980200384,655000
9468200140,550000
1796370150,259900
9238900085,635000
9191201325,645000
2538400060,925900
3758900037,799000
2472920800,405000
321030150,295000
2571910100,348450
1423910670,265000
1118500030,885250
1939000010,652500
1776460190,435000
7504400290,500000
3448700070,495000
7518501025,872500
923059252,375000
1431700210,285000
8635760480,490000
9175600025,2466447
7922720250,433000
8944360390,475000
8948500065,215000
8669160310,273500
6117502745,540000
1789800020,321027
226039186,324000
6457000080,292000
9557300080,521000
8562790480,716500
6430500008,553000
1604590230,690000
9542850290,729032
7831800395,259000
3317500030,1180000
624101110,830000
3654200039,380000
7856000150,800000
4338800685,214000
3211230300,390000
3904910650,619000
3598600088,239975
3796000400,380226
7972601280,416100
1450300050,268450
7504050090,725000
9202650130,535000
2419600075,270000
1224049005,1220000
7129303240,413900
1922059135,115000
7852020250,587000
4139910180,1295650
4222300040,284950
1024069027,908990
8944600620,550000
5040800060,1042500
1036400200,570000
7899800915,165000
3325069025,585000
9408300310,865000
1773100604,380000
5451100490,2140000
9536602080,149500
9828702055,427500
3362401758,515000
476000333,491000
4364700730,240000
5559200020,210000
7522600110,158537
104510440,279000
8820901275,650000
3298700125,299950
323089172,452000
5364200477,695000
2222900082,375000
6641800020,550000
9358001422,374950
3438501150,320000
2206500430,571900
9272201318,579000
585000095,635250
7708210050,701000
9407000840,271900
4027701265,460000
8644210050,783350
8656800020,365000
3329520170,115000
5104520720,324950
3806000005,219500
2330000015,920000
1447600410,343000
8641500252,465000
6084600420,194250
441000115,451000
2597490030,825000
650000030,805500
3585210200,395000
5416501030,375000
5406500170,651000
2916200065,440250
3330501975,664000
1774220070,591000
8731730710,169950
7861500150,390000
1402630190,385000
9117000230,295000
7133300380,675000
4232400470,870000
1773100972,309000
9413400165,200000
7658600025,550000
6909700040,597326
1402900380,299500
6625910100,464000
3204900010,580000
5162100820,313000
5560000480,194900
1704900303,663000
8084900170,1495000
2887700091,771000
4331400190,270000
3762900130,325000
52000067,605000
5430300120,1270000
8956000460,539950
8856950310,280000
3364900156,365000
9310300211,227000
6448000020,1250000
123039570,359000
7600065,460000
3123039171,407185
8964800445,1900000
7857000732,318500
7525410090,610000
9541600350,762450
3186600515,699000
4123820450,380000
2505500030,1940000
1541700240,325000
6629300120,325000
7399800150,455000
9517200180,325000
1313300340,495000
7967650010,445000
8807810090,225000
8815400670,656500
2310030500,250000
2241700075,321000
2287400030,385000
2827100075,269000
1310700390,310000
5498100010,540000
723000114,1495000
6431000987,465000
3356407665,207500
7852110050,605000
8677900123,449950
1917300260,215500
3396800280,594000
8691420050,785500
9368700006,277554
339600290,401279
1592000250,590000
1471701780,289000
8928100205,525000
5029450100,198000
5493110080,2350000
7883603750,276000
1732800175,937000
1518000290,382000
8604900017,574800
5379805160,205000
1254200835,560772
3179100482,490000
3313600266,225000
976000879,625000
8819900220,699000
2130701535,325000
1176001124,580000
7893805650,179000
3885806840,771000
3625600190,1248680
8562790150,760000
7348200115,252000
955000453,440000
6817810310,429000
4040400340,461000
1644500050,839900
8029500100,348000
5244801230,715000
1115100119,444950
9542400010,710000
423059387,561000
4023500990,357823
7899800857,259950
2976800796,200000
1074100020,365000
446000010,775000
7942601200,485000
3575305495,730000
8691310040,739999
6117500430,765000
3924500130,639000
2028701075,400000
4330600360,255000
1324079082,400000
9268200484,631625
9828701605,525000
7518506715,825000
5315100277,875000
3942900115,330000
1561930020,449950
9510970090,638000
6163900821,417000
9510300220,560000
3869900146,302860
9262800208,510000
2522029039,625000
6865200095,629271
3782760040,406250
4237901250,772500
2891000610,290000
2749600095,405100
5422810010,346290
3629980350,731000
2459500070,255000
5113400364,750000
7533800885,649950
629410190,680000
8651431100,180000
7960100050,380000
1842200040,410000
425200205,250000
9477201470,424000
7905200365,430000
6381500635,153000
6052400175,375000
1236300268,550000
6072800265,1680000
3423049311,220650
3755100540,417500
7852150120,382000
4180300050,350000
7625701935,328000
7132300550,364000
3025059093,3204000
8161000220,565000
7852011020,589000
2599200160,375000
5536500020,515000
2095600150,250000
8910500226,343000
1681400010,780000
1424069110,775900
5127001620,382880
7940710070,350000
2413300980,250250
7853400250,610000
9542801310,315000
1890000169,540000
2720000120,397470
9424400105,555000
7888780090,329800
3501100280,380000
3905100220,445000
723000150,1080000
8691310980,742000
2297400250,435000
2892600056,257000
5273200080,580000
5145100460,464900
5561401260,532000
7732650040,740000
7504101280,899441
8581400345,224000
7129302800,700000
9551201560,455000
1546600020,544500
2648000071,245035
3339900640,235000
7853301240,425000
943100262,235000
7202430150,925000
3558000120,343000
3890600150,554000
7452500315,228800
7173700591,734000
438000015,771000
928000020,347356
3830700010,328000
3845100640,440000
6675500112,342500
1773100920,389950
9485940330,307000
5561000600,520000
1786830090,510000
2011000020,246500
8024200681,419500
5452301810,1500000
5515600075,330000
357000135,1280000
2541100010,572650
1090000036,685000
3459100300,360000
2450000295,985000
162500015,389000
2592210290,982000
5101405265,610000
1122069019,665000
7501000220,680000
1310900140,436500
3298700941,230000
1972200382,465000
5100402764,511000
2623069069,605000
6372000280,420000
4305600240,470000
2767602094,518500
2500600289,95000
7203160090,840000
3521069146,687000
824059321,1699000
9348700610,830000
7228501745,485000
6021503656,375000
5437400630,518000
2207100740,510500
7202000220,433000
629811340,682000
1324079029,378000
418000010,199950
6303400290,270950
4139910030,1249000
3023039066,410000
8698600395,235000
2799800710,300000
7351200050,435000
8564860270,542525
2591830020,386000
4139420430,1156000
9828201725,440239
2420069604,272000
7224000315,414000
3861470120,2680000
3222069151,329500
3869900155,402000
123039346,297000
305010050,675000
2141340040,529000
7504021310,820000
2436700315,578888
8732750100,460000
3298201290,358000
9241900150,1230000
1180005220,252500
5540000050,296500
9211520400,250000
2623029078,395000
7132300695,364000
6430500219,470000
6084200100,400000
7140200280,278000
3904910610,590000
7625701900,485000
9432900560,338150
1388600110,262000
9126101201,430000
4224100030,364900
1109000390,715000
3336000296,210000
7504100590,750000
2025701060,305000
7527410080,792000
7304301045,180000
2591840050,405000
2767602490,437500
5494000040,691000
2473251090,280000
3825500080,330000
2309710150,307999
8901001335,500000
1781500435,260000
8835220200,399000
4037500335,478000
1338300180,1230000
7968000120,290000
686050100,855000
1180008315,205000
1657300280,474975
7856600170,810000
4154303125,635000
3295730050,500000
1777500090,945800
203600470,641000
6673050020,375000
8731980680,200126
2273600260,485000
1000102,261312
4197400005,805000
3378100100,250000
7856620210,729032
9275700765,1230000
1246700136,438000
4239400740,230000
3306300630,229950
2524049056,1256500
2023049245,281000
3210400340,235016
2621760350,254000
526059183,417500
8078460050,651000
7504110050,642000
3876312840,425000
9268850350,288790
8085400490,1400000
2722059185,460000
3644100101,340000
1321700030,2950000
5608000630,835000
825059349,1234580
6083000071,150000
9164100105,591500
1425059145,524000
5210200184,565000
9477201370,465000
2927600630,535000
2619920170,760000
1560930450,665000
2896000510,607500
3034200067,650000
4025300360,250000
3362401295,439000
2391600555,399000
7550801170,552000
5347200175,230000
8910500471,409000
7199340560,424500
9266700175,275000
808300270,436000
2487200875,473600
8728100781,190500
5379804888,280000
6619510060,480000
5416500680,329000
1862400087,415000
2126049277,449500
4137000070,316000
8081500060,2075000
686800065,1375000
5561100180,532000
798000342,292000
5603700095,470000
7151700585,1550000
8129700565,609850
2782100260,675000
7011201106,353196
2423069084,670000
8141300300,208633
6601200040,245000
290200230,600000
1423900220,178500
7303200450,235500
3755100220,417500
796000235,250000
7237501040,1146800
7203220400,859990
9285800275,635000
2061100435,494000
6414100025,850000
5317100750,2250000
6145601000,425000
5634500775,450000
7375300160,506000
9558050360,475000
4151800420,725000
3751600146,235000
5302400080,509000
357000005,740000
7283900306,432000
3738900105,370037
6822100305,640000
7436000205,462600
3295730040,666000
1526300015,425000
3294700101,414000
8864000970,150550
5469502700,390000
8078520310,265000
6154900130,358000
8945200830,222000
1085623630,440000
4013800131,152500
2287000010,550000
546000930,660000
4051100390,255000
7203100120,706000
7523850150,289000
3826000665,380000
1311800560,215000
2877102180,501000
3221059044,510000
9169600110,423000
9510920040,740000
8813400155,1250000
3896100130,643403
2568200740,725000
1217000340,340000
6430500086,475000
5634500234,489900
825049073,550000
2391601445,1240000
7881500330,614412
1721801591,199950
2473390710,320000
5634500891,330000
5515600163,370000
2560805630,315000
8078350280,570000
9477201060,445950
8827901350,757000
3560800040,399000
3034200370,535000
1328300040,368000
2483200010,685000
6071800480,387000
6200017,243000
8149600065,580000
3362400615,549000
7518502945,650000
8001210120,287000
8682280340,437000
3623500408,1955000
3764650070,463000
7937600380,350000
923000580,600000
217500005,510000
5419800510,290000
8562901250,549000
2212200100,344900
2310100240,359950
8582010240,529000
8651410670,179950
3330501645,285000
8113101232,379000
7849202190,339900
1864700300,274900
5231000060,201000
1565900070,220000
7555220140,670000
7518505160,535000
3322049005,545000
808300550,417500
66000265,334000
2880100675,455000
1524079156,439000
3625700010,1484900
3259400024,370000
3205000310,535000
807800190,299000
2783600210,463000
9290870040,890000
2561360120,322500
8857100180,335000
4388000070,210000
3860900003,1130000
1176001119,580000
6084600330,285000
7985000100,225000
8026200080,395000
3210600010,730000
7558300170,463000
7852180340,435000
524069011,850000
3361401011,135000
6117502455,250000
5602000025,235000
4142450490,342500
5306100255,353000
1795900120,470000
1193000280,750000
9238480120,590000
3630200780,1060000
1250201130,540000
7796000095,680000
8635760040,509000
9476700135,223000
5249804510,399500
40000553,300000
3204300625,1115500
2596400050,465000
2724069103,325000
3744000040,531155
7525100590,335000
3705900292,466750
6169900790,2200000
8127700735,967500
3761700067,987500
6065300570,680000
4022902050,460000
3886902590,530000
4107100190,1620500
2909300150,655000
384000135,510000
1005000036,338000
8856970530,315000
3448900320,610685
6713700100,460000
2260300060,2250000
7273100026,670000
1277000020,1195000
2620069113,299000
4166800080,290000
8731902680,290256
2599200830,210000
7569500010,730000
1825069031,550000
4443801495,635000
7805450110,700000
3345700207,641000
1560920450,1700000
3629950010,450000
3782100035,365000
5561400340,790000
1898310110,236775
2122039094,380000
631000040,625000
293000145,335000
8121100015,332000
3205200430,435000
2475900565,367400
1651500040,2450000
3955900500,410000
7907600100,245000
3123039136,280983
3972900735,310000
1424059130,510000
6792200282,210000
910000104,330000
3751600784,329995
946000295,385000
7749500070,571500
255550070,326000
5151600340,269000
5415300060,765000
287000110,560000
7585000110,229900
8121200460,480000
6891100090,809950
7575600100,310000
4240400140,716558
4046500510,315000
2944010240,935000
3449820380,585000
7203102140,265000
8665900291,405000
1775930010,418800
1118001631,800000
8911000445,290000
117000100,675000
9284800085,317625
2795000080,443454
123039207,348140
1312200080,255000
1236300290,1999000
7549800168,415000
6891100260,730000
6072000910,525000
3226049184,375000
1442880320,483453
23500190,661500
6021502070,490000
4168000110,198500
792000006,204000
9558200210,255000
3840700757,645000
3876311650,605000
1328320800,399000
5006000170,215000
7575600430,267000
7686202580,219000
2524069097,1387000
4292300024,320000
2726049071,330000
3526039019,775000
3300701365,405000
1274500170,186000
7282300095,324000
8562740440,847093
3761100045,1215000
2877104265,883000
7940710100,505000
6071000030,1712750
6448000100,1800000
2923500230,1785000
6751300375,522500
7214810350,420000
1088800470,607000
7129300420,223000
6149700405,305000
9521100855,874000
1861400116,767250
2787460720,200000
6073240060,851500
291310100,520000
1247100035,1275000
2626069030,3567000
1326059085,625008
6447300265,3800000
8651401270,209000
3524039209,750000
3226069049,950000
7548300425,404500
1438000360,542525
1777600900,825000
5244800695,600000
3387900390,253000
1954700615,950342
1026049036,390000
1683500180,280000
1939130420,639000
2021200530,1140000
993002325,390000
2780900220,289000
2540800390,424000
2919700540,646000
2787250090,525000
8651442520,242050
100600860,149900
1437580480,925900
3886902505,825000
173000140,499000
5151800045,507000
3010300240,600000
2085200261,324861
1839500065,206806
1049010300,460000
1328340540,335000
8887001625,395000
5332200320,850000
7137960030,245000
5468780250,345000
2436200715,750000
5137800030,355000
1068000520,1274950
5379805121,399000
7445000105,475000
7942601895,610000
1727850350,1211000
9407150310,325000
5569620550,731781
3179100480,458000
3624039111,248500
7844200050,325124
3304040020,390000
7739100155,1225000
6099400053,205000
7468900270,212000
396100025,381000
1160000255,425000
6300000320,410000
6392000570,489000
7387500235,355000
1121000058,715000
9828702120,933000
7715800310,546000
8562740370,847093
5637500070,380000
5561400470,725000
1189000205,387000
2412100025,664000
1073100065,325000
5160300020,560000
2770601677,520000
5104450070,380000
820079043,545000
751000190,425000
1823049179,425000
7430200060,1500000
3331000035,379000
1775910370,495000
3626039299,490000
1546600125,566000
3260810150,390000
6817800330,372500
414100045,414950
1326039061,245560
4055700030,1450000
1225069038,3300000
2296700260,405000
2822049160,252500
3395300260,470000
5144000036,285650
809002290,1100000
7334501410,360000
421049114,185000
2623069010,1250000
1133000144,470101
705710290,366000
7313200120,605000
1269200150,249950
9264930970,349000
6819100020,1975000
5112800421,255500
7846700850,299950
7227501450,225000
5451210150,852000
4140900140,449000
3537900180,907500
7738500475,439000
3541600450,395000
5379800040,440000
6664900330,280000
6056100312,182568
7766200013,419000
8651720470,464900
5690500095,710800
5423010180,760000
3204300610,690000
3425059066,470000
7856660130,893120
2954400520,1355000
2327000110,884250
9526600340,677900
7695500200,545000
7237501180,972000
2008000550,275000
1123059126,525000
1775500371,915000
3459900230,2250000
2619950310,420000
1771100330,370000
1321059097,667000
2420069278,270000
3832050570,287000
7132300525,459000
8691410700,775000
7967000150,375000
1328300810,375000
711000110,820000
9485951460,370000
1771000970,370037
2817100900,240000
6817800630,280000
3558900450,500000
7215400770,399950
4222000320,225000
2791500270,280000
424069018,879900
9547205180,675000
5631500947,500000
1425059193,961500
567000775,499950
3904900610,532000
3649100346,420000
1624049228,455000
1559900080,382000
2919702040,726500
4013800206,250000
1025039292,300523
2771604640,750000
7203600550,315324
1545802830,276000
3303910010,700000
8617000060,940000
7889600190,259000
3325069064,441868
6300000337,534950
1172000150,279200
3348401319,368500
4188000490,1218000
7779200355,403500
8029900110,459950
4060000290,202632
9475710040,419950
798000535,235000
6415100410,340000
4299700095,350000
6117500955,225000
2421039075,193000
3362401935,570000
1545800205,303500
7645900235,710000
4141000060,947500
9485800050,730000
2436700280,915016
7335400400,237950
9294300495,895000
6649300190,460000
7950303270,440000
2391601010,521450
8129700728,733000
7871500685,525000
1498304065,350000
3862710010,437718
9209900335,685000
952006857,346000
2322069168,320000
1775801090,469500
5700002165,350000
4029400080,360064
7796100080,699000
9279700150,1776000
3876200060,397000
2934800025,380000
9359100101,989900
3330500335,230000
4027700466,340331
3204800430,338000
5415350770,752000
1443550020,576925
2810600022,346000
1238500281,420000
2591020140,464550
7137900960,218581
1328340630,315000
3529200190,385000
1624049291,877500
4083301120,667000
1873100060,733000
1773101159,343000
7214700350,464000
3856902250,658500
7169500130,570000
4038300010,400000
9578500810,460458
3345100184,365000
452001860,435000
7905200037,539000
9376301110,465000
873900240,269000
8682262400,419950
7227500910,151000
2392100090,483945
3221079050,525000
4307320280,987000
3211270170,514667
726059483,679990
424049043,1110000
6865200140,705000
1155640050,395000
4139430250,1488000
818500100,153503
7999600180,319950
4099501215,801451
4046700140,335000
8857600490,177000
8677900120,540000
5379805253,225000
9211510410,210000
2337000150,310000
1423049029,285000
4036800580,514000
3942900010,368000
3438502715,311000
7625702441,389500
3905100610,510000
2218000335,432000
3034200516,465000
8024200625,357500
8564500020,342500
9550202700,529000
7518508625,488000
1822350070,385000
8921000040,760000
6648150090,1699000
2402100675,485000
42000127,200000
5100401160,380000
7347600507,281000
1839910300,275000
1250201550,672500
9460000010,342500
3356402232,215500
6819100150,691000
8645501330,259950
1556200005,952500
40000228,95000
7300410010,370000
4299000030,355000
2629600016,750000
662310900,363000
1909600046,550000
7893207490,260000
2524049318,2288000
924069210,749000
1591600527,450000
98000060,1780000
6392002020,635000
2719100400,399500
8018600655,350000
2141500020,467000
3277801580,479950
7237500110,1146800
626100023,547000
4319200820,320000
1422029138,480000
9517200610,365500
7334600280,271900
8820902400,750000
8944600060,550000
100100050,389000
8074200100,341500
1836980240,807100
6648500440,265000
9530100225,562000
2883200875,640000
4218400175,665000
1022069183,480000
6398000171,352000
5021900160,730000
8078410250,562100
7972602490,240000
1962200435,800000
7221400285,342638
273900030,260000
2708450020,525000
4083306616,434311
3034200435,500000
7855000550,1635000
871000155,685000
8024201714,370000
2625069038,1325000
2324800350,910000
5450900010,1795000
1822039225,375000
2460700700,300000
6679001060,315000
2422059111,399950
1250200345,245000
5589300370,383610
2021201000,970000
4302200336,325000
1328330290,320000
3438500781,325000
5453700020,938000
123039147,360000
8691310070,964000
6450303785,369000
114100234,475000
9212900820,488000
4270600025,345000
7201600190,526000
521049227,1275000
6300500479,420000
1432600100,219000
1024000109,377500
1430800100,313000
9164100125,749000
1925069183,400000
7852160080,960000
5317100780,1600000
4083304835,747000
9478400080,728935
4463400195,299000
4232901525,485000
3845101070,392440
1843130980,315000
3810000480,245000
7137960440,289000
1231001115,379000
5101405340,305000
3723800409,852000
8651430370,214000
6135300010,269000
23520380,522000
2935400100,509500
6137500320,815000
7841300230,430000
3521069051,460000
2621400080,327000
5104530240,208633
2022069200,485000
5469501850,485000
9206950110,350000
3298300210,358000
2810600015,219000
7298050090,510000
7202290620,475000
3211290370,425000
1591600506,450000
2827100070,350000
2482410130,449000
4364200125,350500
6388910730,605000
7436500120,510000
1822059156,755000
9432750190,360000
2205700405,435000
6056111370,439000
3205500160,395000
6139100076,339275
723069135,525000
4123830070,312000
2472920740,405000
6134500220,640000
2734100395,425000
3574800090,451000
3126049107,675000
669000210,1325000
1139000620,324000
3825311190,690000
7300400320,301000
9407150250,308950
3679400503,377672
641900050,499950
9169100130,615000
8091800140,397000
9547201155,462000
4154302045,445000
6638900265,825000
1423069063,453500
3335000025,397000
9269200650,316000
1781500180,365000
9211500520,210000
1853080150,919950
2767704756,422250
2206700295,473000
2557000380,261500
11520200,900000
3832710680,220000
2569500210,360000
5230300210,270000
6447300225,1568000
5035300325,857500
7853301660,695000
5411800250,375000
7203210170,750000
4302200415,366000
7942100290,200000
3629860160,1350000
1423069076,745000
525049085,569000
3306200230,224500
2193310300,432000
7978800621,210000
4027700632,417500
1761100190,215000
2749600245,567500
322069141,449000
1900000035,126000
3361400190,123000
1604602050,474500
9421500160,528000
7788400180,330000
1566100625,470000
3861500340,285000
2524069072,401000
3013300980,410000
4191500130,650500
9407150130,280000
3904902500,717000
9510900140,250000
3368900084,329500
3432501415,265000
4254000540,525000
2767603250,475555
2923501130,527500
9183703045,315000
5279100675,240000
3905080310,529000
2461900375,525000
3346300356,820000
1865000110,395743
9264930400,310000
3447000100,750000
2313900510,415000
7518507330,630000
9368700270,122000
1137400420,290000
2023069054,325000
2141320230,660500
9536601295,625000
2424400130,405440
5210200081,408000
4443800785,585000
7292700005,769000
9834201205,385000
3275800050,267000
6926700654,659950
7511000140,1190000
6821101895,560772
8964800695,1770000
6821100195,872500
1226059105,615000
2806300070,1355000
1720069029,340000
6384300020,466750
8928100125,625000
8562770720,554000
8650300130,567000
2126059172,326000
8812401450,934000
6646200280,658100
4021100045,450000
1155620190,360064
6061000010,415000
3362400472,330600
9558020240,475000
7309100270,525000
7137950210,339999
7849200635,245000
1311200460,279950
284000095,987000
1509700050,307550
3438503014,255000
9406450090,349950
5096300140,422120
8923600020,1500000
809001070,614950
2291400342,317000
644210020,449228
6700390090,245000
5631500285,1075000
104560120,322500
6413100311,378000
2558700090,419950
1471590060,699000
8914100170,535000
5652601035,280000
7852120140,729950
6163900952,330000
5215200050,465000
6352600490,795000
3912000020,672500
8830400135,235000
5467500040,415000
9406570300,397000
109200390,250000
2025770310,800000
1939120450,674750
7524900003,3300000
3755000120,388806
2473002850,387500
7625703945,337500
9477000190,430000
1727500230,405000
7011201087,465000
5561300750,450000
3969300030,202632
8097000330,308900
2025049064,755000
985001321,230000
1775500050,380000
8849300160,545000
2316400285,777700
2423020180,500000
7128300500,619500
9512501400,410000
7200179,150000
5490210670,525000
9527000330,475000
1972200326,563500
4151800195,550000
4046500320,284000
9834200885,360000
8161020050,504750
2891000750,208000
3426049031,1442500
7387500195,433000
6303400395,115000
638100015,465000
4107100204,2005000
537000255,213000
985001266,338000
1137410040,535000
7229900250,284950
3905100840,445000
8100400160,688100
1346300150,1959000
1443501020,190000
5490700035,382000
1954600050,489950
8122100690,425000
3663000070,400000
5101406375,447500
426059055,510000
9268850160,286000
8731800840,220000
3331001910,229000
7603100020,814000
809002705,710000
4364200075,272000
1113000430,185000
1176001117,580000
3320000212,388500
9286000150,1355000
301400830,261000
425059024,799000
8835350300,450000
7100000135,215000
7696600240,190848
9808640320,589647
3764500180,700000
326049060,580000
4017110200,440000
7224500300,175000
1560930050,545000
726059395,480000
8964800890,2532000
4045500620,660000
8562710250,909500
1775800710,373000
9528102865,730000
8096000060,285000
1591000015,397470
2310000430,274950
3902300350,758327
4068300280,240000
8732130730,264000
6791100410,500000
7660100236,329950
2568200070,932990
7697870310,261500
8562901100,744718
4016800120,286900
7338200180,575000
6791400320,225000
616000200,540000
2917200675,435000
2926049086,464000
3621059048,390000
7987401095,300523
5589900590,600000
855700170,496500
4030500130,355500
1755700060,352500
2413900050,340000
2489200250,415000
420000085,255000
8106300820,485000
8651730580,380600
8106300090,459000
9842300095,556000
9477000280,412500
2877102495,425000
868001030,765000
8564860110,620000
6762700452,482000
3294700310,180000
7231501665,175000
7525900050,740000
7882600326,1730000
104550690,310000
3425059076,1712750
8835770170,800000
2581300010,1290085
844000180,257000
7888100240,265000
3845100670,735000
4027700812,495000
291310390,362000
9550200370,575000
2328800130,229500
2372800100,259950
2923039264,428545
9282801720,225000
9520900230,680000
985000955,190000
1099600090,209000
9211010320,437000
3825310820,830000
9545240180,506950
87000245,189000
5041300100,629000
3624039150,325000
1370804430,703011
722079056,411000
9126100815,515000
1770000490,410988
3995700250,330000
7214820400,410000
2473411130,375000
1824059079,936000
3080000030,567500
984200540,279000
524059063,2225000
9482700475,846250
8024200820,495000
8568700015,418900
1223089050,320000
2205500400,465000
1279300085,699000
7376300085,461000
322069020,408000
291310150,355000
724069059,1705000
5255200220,480000
1931300850,469950
4427100105,424000
2881700231,375000
8641500280,378644
5406500440,650000
8078390150,695000
8945300090,180000
8819901030,775000
3179100220,575000
2126079046,334200
2621750350,300000
4014400190,405000
7853420110,575000
2114700368,315000
3438501081,200000
6850700670,700000
3352402272,212000
4157600150,707000
8151600941,349000
5160300030,630000
3820350120,370000
7338000800,184500
3359500110,805000
8016300240,675000
7203120050,801000
3322049201,235000
7231502505,414000
8106100105,2900000
3895100039,828200
1001200035,219000
2724201202,180000
4038100110,478000
8827900015,485000
2644900109,451000
302000375,250000
1604600095,320000
2600040160,822000
2129700525,334000
603000555,380000
4083302225,1100000
7298000090,425000
2484700015,550000
8945100320,224097
5112800042,454000
8091411100,290000
7375100070,550000
7577700061,330000
7923700030,550000
4235400186,377000
1498303700,961000
3876312350,340000
3797001815,530000
868002015,1400000
597000550,348000
8956200530,398500
2207100165,508450
7942100180,185000
2468800040,286900
9842300036,425000
5700003985,1875000
2988000070,547331
8857320260,542000
2600040130,541000
6632900452,475000
7518505910,400000
1672000170,575000
2597800010,565000
8562790720,725000
4219401080,1345000
7000100711,1450000
7954000125,615000
5700003640,3000000
5700000275,720000
4019301205,460000
8943600360,231000
2954400400,1578000
1321400060,304000
2255500123,435000
2781260070,438900
1313000220,740000
1125069153,1100000
8899000310,268000
4139450360,905000
5511600315,485000
3575302575,600000
3226049054,505000
274100090,357500
1545802080,249900
6669020500,278800
3307700405,475000
3760500407,2450000
7853270100,655000
9320350020,487000
7715800430,485000
6791400100,349000
7708000010,439900
1448800010,285000
1782500035,354000
3449500050,454200
2856100515,898500
1245000461,800000
1219000043,320500
5409800110,399000
2680700010,890000
8143100350,275000
2597150270,250000
2966800010,349567
8854000010,1075000
2207200635,420000
1722059222,158537
9358002305,275000
6392001950,410000
3630080070,435000
3797001702,1135000
8127700440,580000
1446400785,254000
5016002275,1197000
2818100060,1400000
6431000748,344000
7972600450,352800
8078570380,325000
7889601320,199988
1762600280,800866
3026059085,699000
3475000080,710000
1370802620,425000
5151600285,318000
2722049218,330000
7696300080,459000
4168100020,234000
1474000050,335000
2473480350,370122
1139600270,300000
6699940120,352000
7016100120,431000
6752510010,850000
7915100490,615000
984210170,304000
6159400030,401000
3013300968,416000
6404600006,150000
2770602170,424427
1922059401,204995
291300010,387000
3856905185,440000
7304300905,305000
3416600185,455000
1786810040,790000
4354700010,352000
3902100175,614000
4305600360,467000
3622069114,585000
4376700570,572000
6795100589,549950
3344500085,435000
2206500105,390000
8731900880,355000
1682000160,172000
5104200380,286300
1982201595,622500
795002190,260000
7228500375,998500
9412200280,382000
5071401000,950000
597000566,345000
8151600101,125000
2028700265,575000
1670400090,219000
7851980100,1380000
5595900345,355000
4046700300,340000
4324210120,255000
2616800050,585000
1525079069,560000
9828201020,575000
2723069146,712000
9468200100,515000
2883200961,600000
1137300690,480000
2473100280,315000
723049448,219950
3066410810,720000
5700003280,877500
9268200440,405000
4053200410,569950
1234000704,1749000
2473372170,399000
2523039239,220000
4324500490,240000
238000244,469500
1105000571,405000
1771000430,305000
666000142,690000
3389900800,305377
3578700017,650000
3629970190,695000
255450250,300006
1154100205,215000
3629890190,1050000
3905080870,536000
8155820110,244000
5135000170,814000
2464400435,597000
9482700080,825000
318900080,393000
9477001410,499950
825079019,673200
1471701200,630000
5606000120,1080000
7853350220,680000
1776460110,487600
3904920980,695000
8087800430,581000
3298200320,324950
9122500080,258000
7893804845,406000
1370803730,611000
8001450170,285000
5561400260,725000
7308600010,738515
3524039060,447000
7300400150,352000
207700050,760000
5595900355,175000
2652500285,710826
6744701310,970000
525069127,1835000
3334000050,285000
8682220390,667000
4038700380,580000
8073000265,324950
9521100960,563225
5634500688,1415000
6813600440,280000
1072010350,619420
7853301700,675000
5141000571,345000
2013802060,258000
7852070210,1140000
1402970070,327828
2310040020,408000
646910560,183750
6647400090,450340
8682231110,554000
4376700330,680000
8069000075,840500
7147600220,225000
4142450330,288000
5101404698,511000
6154500070,963000
1592000640,655000
3756900027,550000
7203220130,955000
643300010,399500
8651720150,439000
4139400910,775000
5054800110,328000
8835200330,439000
7682200340,294700
7203600745,389000
1895000260,248000
7922750020,435000
5437200050,422000
8732160250,302000
1442870440,485000
1471700410,350000
3204800330,367500
1923000160,699000
2719100013,398000
3814900380,384435
326049038,468000
1068000110,1225000
8835800010,800000
1560920200,431000
1668500090,699628
2597530070,845000
1139000035,525000
8032700072,535000
7732300390,822000
5130000080,608000
9276200890,554000
342000036,613000
5126300060,437000
2331300505,950000
8651410090,128000
200800330,391265
7520000616,350500
7170200110,576000
3021059155,179500
3582900280,2225000
7340600845,275000
3905040060,545000
3224800120,300000
6021503740,450000
2570300130,440000
8121100395,645000
3356404198,242550
3630090050,710000
923000413,799000
9201300020,1650000
1777600210,527700
7738500731,3800000
686900010,1298890
7967000160,375000
3413700130,500000
7852190290,555000
1180007375,600000
3353404510,239950
7802900380,200000
8021700715,650000
3205100080,432000
4477000290,348140
1118001645,845800
7979900806,400000
7228500415,490000
7212660640,300000
3826000735,205000
7714000250,320000
4400200057,570000
2487200279,605000
7140700690,286950
3304300080,565000
2887950110,199000
3760500222,1208000
9269200786,452000
3734900110,320000
5045700400,562500
2140950130,454450
2612000200,408000
8563300085,660000
2425059173,684000
8091410930,280000
9422400035,747000
1112000100,885000
1323089056,465000
5015000596,1050000
1535204165,410000
1438000430,427500
3222059130,400000
1982200330,763101
6624010010,273500
2303900035,7700000
259600620,538000
6072500490,639888
123039633,375000
8562780090,325000
5249802240,450000
6071200400,550000
826069002,210000
2625079030,730000
6742700210,1550000
9253900408,2000000
2560803085,175000
1237500540,225000
425069020,1209000
9185700440,2890000
8656300345,340000
4245400045,240000
9834201370,425000
7853300770,418500
9551201295,480000
898000220,158537
3834000720,294950
1245500690,771000
4083304190,586500
4178300080,790000
2960900045,525000
1446801030,277500
7855800910,500000
7853310150,650000
8732131090,263500
7967600285,390000
8651520510,510000
5379802650,284000
1425059174,455500
627300105,530000
3124089049,369950
1778350270,765000
8691500410,314000
9169600043,575000
100300500,330000
3221069054,905000
4443800385,778100
7922710450,770000
7880020030,699000
3288020050,315000
4136980090,770000
1687000240,267000
7812801785,205000
1126059144,405000
792500260,359950
3222049055,820000
8635750090,699850
2767601280,432500
5347200162,235000
7503800210,272000
3394100020,1050000
7663700783,455000
9454200030,345000
3791500050,213000
582000185,560772
3211230260,345000
323059103,405000
7297700055,330000
1545805460,233000
2341800195,305000
6648700150,335000
3860900035,1875000
1980200236,535000
1180002745,335000
3275890310,600000
6840701100,575000
8651402750,230000
1588600045,489000
2422029094,565000
1702901500,285000
3755100005,635000
3624039074,294350
7950302995,400000
5273200060,540000
8025700460,180000
280610020,670000
3333002450,490000
7379600240,565000
4058802300,325000
302000065,156000
9527000180,612000
3626039403,440000
9510900360,254000
2310040230,359950
7308900490,587450
2206900065,453000
324059161,1299890
7345310100,241000
2422049107,320000
8146100095,907500
87000283,315000
7937600010,289000
2618300350,270000
224069102,390000
7129302095,455000
7352200025,509007
6163900333,400000
3528960020,700000
1687000220,290000
4141400030,555000
1822500160,351000
